Feature,Importance
num__PM2.5,0.49024886
num__PM10,0.3827747
num__Month_cos,0.02816199
num__DayOfYear,0.023683922
num__Month_sin,0.012363468
num__Quarter,0.009416048
num__Day,0.00709715
num__NO2,0.0069017145
num__O3,0.006461641
num__Day_cos,0.0063988385
num__Month,0.005069018
num__CO,0.003857733
num__DayOfWeek,0.0036317236
num__Day_sin,0.0035653373
num__SO2,0.0035626993
num__Hour,0.003306604
num__Hour_sin,0.0025599985
num__Hour_cos,0.0009385435
